empno,empname,empaddrs,salary
1,Kalil,Maluso,10000
2,Haroun,Storuman,10500
3,Fabiano,Shuanghejiedao,11000
4,Torey,Kruševo,11500
5,Ced,Kannus,12000
6,Guglielmo,Baleal,12500
7,Dorey,Nam Kliang,13000
8,Tatiana,Kamiennik,13500
9,Margit,Duanshen,14000
10,Diandra,Pengdian,14500
11,Trenton,Gościeradów,15000
12,Ursala,Manacapuru,15500
13,Vannie,Матејче,16000
14,Kaiser,Yuzawa,16500
15,Rad,Wilkowice,17000
16,Harlie,Bandar-e Māhshahr,17500
17,Ingmar,Gonghe,18000
18,Gauthier,Čejkovice,18500
19,Merrill,Kibonsod,19000
20,Hughie,Rafaela,19500
21,Abie,Alua,20000
22,Stephine,Lazaro Cardenas,20500
23,Gilda,Odessa,21000
24,Ramonda,Cortinhas,21500
25,Brewer,Bahía Honda,22000
26,Talbert,Aragua de Barcelona,22500
27,Doy,Czyżowice,23000
28,Elvira,Markivka,23500
29,Garald,Lendava,24000
30,Englebert,Maebaru,24500
31,Dilly,Shnogh,25000
32,Jefferey,Niandui,25500
33,Martin,Sishiba,26000
34,Trueman,Cabudare,26500
35,Nicolas,Julcamarca,27000
36,Sidney,Varberg,27500
37,Ber,Repelón,28000
38,Nial,Yuncheng,28500
39,Maryl,Independencia,29000
40,Rey,Randfontein,29500
41,Lil,Kunmi Erdi,30000
42,Orren,Orzech,30500
43,Timi,Quivilla,31000
44,Evangelia,Amuñgan,31500
45,Kalindi,Farshūţ,32000
46,Carlota,Bayt Sīrā,32500
47,Rancell,Ōkawara,33000
48,Valina,Buštěhrad,33500
49,Hilda,Arsenal,34000
50,Gaylor,Jaguaruana,34500
51,Zach,Guoduwan,35000
52,Willa,Chuncheng,35500
53,Eleanor,Fengniancun,36000
54,Georgiana,Patabog,36500
55,Shoshana,Fengshan,37000
56,Inna,Xinqiao,37500
57,Edgardo,Chlumec nad Cidlinou,38000
58,Blondie,Wenhe,38500
59,Katinka,Naikolan,39000
60,Dick,Yuquan,39500
61,Martguerita,Xuguang,40000
62,Federica,Krong Pi Nang,40500
63,Dalt,Geputan,41000
64,Midge,Tumba,41500
65,Caesar,Balucawi,42000
66,Dannye,Hanshou,42500
67,Ruby,Liqi,43000
68,Arnoldo,Mococa,43500
69,Efrem,Felege Neway,44000
70,Trixi,Abuyog,44500
71,Sher,Akkol’,45000
72,Etty,Barranca de Upía,45500
73,Arie,Dondo,46000
74,Janka,Freire,46500
75,Merrill,Kibiya,47000
76,Geoffrey,Voorburg,47500
77,Kordula,Ed,48000
78,Chaddie,Zhaotong,48500
79,Juieta,Staré Město,49000
80,Shelden,Rauco,49500
81,Boniface,Qiganjidie,50000
82,Xavier,Ishëm,50500
83,Cammi,Jingling,51000
84,Izzy,Mantes-la-Jolie,51500
85,Adams,Funchal,52000
86,Carr,Baomin,52500
87,Grethel,Carbajales,53000
88,Kalil,Palmerston North,53500
89,Akim,Monino,54000
90,Corie,Frei Paulo,54500
91,Elroy,Estevan,55000
92,Corny,Kostryzhivka,55500
93,Jodie,Donja Brela,56000
94,Ginevra,Takahagi,56500
95,Salome,Changkeng,57000
96,Misti,Pavlodar,57500
97,Iggie,Tirat Karmel,58000
98,Sonny,Dongtai,58500
99,Ailene,Buzdyak,59000
100,Alley,San Diego,59500
101,Danyelle,Támara,60000
102,Marsha,Azueira,60500
103,Berne,Huta Stara B,61000
104,Nalani,Bandar Seri Begawan,61500
105,Hermie,Chikan,62000
106,Roxi,Izyum,62500
107,Emmalynn,Hasaki,63500
108,Kellby,Olszówka,64000
109,Rayna,San Antonio,64500
110,Sofie,Roseau,65000
111,Mel,Montluçon,65500
112,Bridget,Maputsoe,66000
113,Raychel,Sukasirna,66500
114,Kerrin,Wādī as Sīr,67000
115,Standford,Kota Kinabalu,67500
116,Carol-jean,Casal Novo,68000
117,Binky,Barreira,68500
118,Jewell,Nybro,69000
119,Josephine,Catumbela,69500
120,Lilllie,Gongjiahe,70000
121,Pryce,Kuwayris Sharqī,70500
122,Mandel,Ogurugu,71000
123,Maryanne,Dongqinggou,71500
124,Lamont,General Pinedo,72000
125,Hayyim,Beiqi,72500
126,Norrie,Nusajaya,73000
127,Astrid,Pieniężno,73500
128,Dori,Shimen,74000
129,Aimil,Galatás,74500
130,Barclay,Jagupit,75000
131,Doll,Koran,75500
132,Christel,Banjar Batanpoh,76000
133,Norrie,La Paz de Oriente,76500
134,Carlie,Brasília de Minas,77000
135,Jermain,Taavetti,77500
136,Ashli,Lyubinskiy,78000
137,Tybalt,Xiaojiezi,78500
138,Bret,Campos,79000
139,Cissy,Štítná nad Vláří,79500
140,Corbin,Ḩawsh ‘Īsá,80000
141,Aloysia,Regimin,80500
142,Nicol,Hendījān,81000
143,Bunny,Campoalegre,81500
144,Keely,Dungloe,82000
145,Esteban,Zhougao,82500
146,Sandi,Cabuyao,83000
147,Rowney,Al Jadīd,83500
148,Candide,Sicheng,84000
149,Seumas,Annecy,84500
150,Orella,Springfield,85000
151,Price,Bosanski Šamac,85500
152,Leroy,Onsala,86000
153,Christyna,Plovdiv,86500
154,Tory,San Jorge,87000
155,Norby,Livramento,87500
156,Leoine,Dahu Satu,88000
157,Gaultiero,Az Zawr,88500
158,Sonnie,Orlovskiy,89000
159,Zacharias,Manghit,89500
160,Adrianne,Saginaw,90000
161,Cornie,Mistřice,90500
162,Hilary,Chatuchak,91000
163,Maybelle,Arlington,91500
164,Paulie,Burgas,92000
165,Hastings,Kiruru,92500
166,Jeremie,Elbasan,93000
167,Erich,Hucun,93500
168,Bobbie,Port Washington,94000
169,Gaultiero,Dallas,94500
170,Alyss,Yanhong,95000
171,Gard,Medenine,95500
172,Chaddie,Victoriaville,96000
173,Emmett,Lumbac,96500
174,Alasdair,Oakville,97000
175,Inglebert,Langtad,97500
176,Rana,Corga,98000
177,Matias,Wadusari,98500
178,Bessy,Omutninsk,99000
179,Wolf,Haradzyeya,99500
180,Gracia,Sobreda,100000
181,Gerry,Dayr Abū Ḑa‘īf,100500
182,Kenon,Wushi,101000
183,Ailina,Rancagua,101500
184,Lebbie,Liuheng,102000
185,Pippo,Machida,102500
186,Nicolette,Coronel Vivida,103000
187,Alvina,Landivisiau,103500
188,Ronny,Cimara,104000
189,Ermanno,São José,104500
190,Thadeus,Karangduren Dua,105000
191,Thelma,Lingxi,105500
192,Galvin,Ouricuri,106000
193,Valencia,Banyuurip,106500
194,Kalie,Feni,107000
195,August,Santiago de Subrrifana,107500
196,Alisha,Punta Hermosa,108000
197,Baryram,Jacupiranga,108500
198,Joel,Taihu,109000
199,Fern,Tulsa,109500
200,Abbot,Jiangchi,110000
201,Roseanna,Bāfq,110500
202,Ciro,Shinkafe,111000
203,Coralie,Macinhata da Seixa,111500
204,Salmon,Buenavista,112000
205,Alvan,Hat Yai,112500
206,Adi,Huxu,113000
207,Corbin,Ketanggi,113500
208,Jayson,Shchelkovo,114000
209,Osborne,Laoshawan,114500
210,Sydney,Ede,115000
211,Alana,Berdyans’k,115500
212,Gherardo,Zwolle,116000
213,Dov,Bukbatang,116500
214,Koral,Banjing,117000
215,Jarrad,Montalegre,117500
216,Duff,Saint John,118000
217,Celisse,Budy,118500
218,Aristotle,Jiqu,119000
219,Sophie,Dahuangwei,119500
220,Dav,Pelópion,120000
221,Antonetta,Xiaozhi,120500
222,Margarete,Mukō,121000
223,Jackie,Panikihan,121500
224,Ricky,Yeniköy,122000
225,Elia,Al Khafsah,122500
226,Trudi,Larvik,123000
227,Miran,Severo-Yeniseyskiy,123500
228,Marguerite,Zhuyu,124000
229,Toiboid,Nong Don,124500
230,Shep,Los Nogales,125000
231,Marj,Laojun,125500
232,Findley,Lingbei,126000
233,Ewan,Luhačovice,126500
234,Sammy,Frei Paulo,127000
235,Bradly,Lama,127500
236,Dorette,Nanhe,128000
237,Tully,Hod HaSharon,128500
238,Tye,Kumo,129000
239,Heath,Puerto Berrío,129500
240,Rozanna,Villeta,130000
241,Emmery,Nanggorak,130500
242,Shannah,Amaraji,131000
243,Beilul,Paipa,131500
244,Arly,Toungo,132000
245,Corri,Minokamo,132500
246,Netta,Punggurharjo,133000
247,Leena,Berovo,133500
248,Wilmer,Tangub,134000
249,Graham,København,134500
250,Martin,Chinandega,135000
251,Hillary,Gannan,135500
252,Randall,Lees Summit,136000
253,Allina,Mempawah,136500
254,Lorenza,Doom,137000
255,Zack,Veracruz,137500
256,Tedi,Maji,138000
257,Anabal,Voyskovitsy,138500
258,Stephani,Íos,139000
259,Hart,Wufeng,139500
260,Ryan,Shamboyacu,140000
261,Janina,Kamenický Šenov,140500
262,Lorettalorna,Tubuhue,141000
263,Sharai,Dolice,141500
264,Amelita,Ponggeok,142000
265,Valery,Charleston,142500
266,Danyelle,Sambungjaya,143000
267,Kellsie,Areia Branca,143500
268,Brynna,Danirai,144000
269,Petra,Trilj,144500
270,Harrietta,Javarthushuu,145000
271,Alastair,Reforma,145500
272,Horacio,Recarei,146000
273,Abbot,Le Blanc-Mesnil,146500
274,Mickey,Djambala,147000
275,Gerardo,Vidoši,147500
276,Carlos,Beaumont,148000
277,Afton,Helsingborg,148500
278,Hoyt,Krzyżanowice,149000
279,Brendin,Taurisma,149500
280,Sanson,Tawan tawan,150000
281,Gilburt,Al Farwānīyah,150500
282,Darryl,Karangora,151000
283,Kata,Zaqatala,151500
284,Keriann,Wujia,152000
285,Boigie,Arboleda,152500
286,Manfred,Xiangride,153000
287,Corbin,Candijay,153500
288,Erin,Georgetown,154000
289,Elnore,Kol’chugino,154500
290,Duke,Marco,155000
291,Lenore,Ånge,155500
292,Perkin,Otutara,156000
293,Teodoro,Washington,156500
294,Lavena,Qümong,157000
295,Vergil,Jichang,157500
296,Fredrick,Aquia,158000
297,Aldrich,Palmira,158500
298,Beret,Tamberías,159000
299,Fons,Mueang Nonthaburi,159500
300,Janeta,Ludvika,160000
301,Rhoda,Hailang,160500
302,Bathsheba,Hushi,161000
303,Caria,Xinjiang,161500
304,Romona,Qiting,162000
305,Patrick,Jeberos,162500
306,Orville,Banjar Peguyangan,163000
307,Geno,Kaligutan,163500
308,Chandra,Laojunmiao,164000
309,Theodor,Baimangpu,164500
310,Graeme,Cocorná,165000
311,Damon,Vicuña,165500
312,Horton,Mao,166000
313,Reggis,Arras,166500
314,Jacquelin,Huangzhuang,167000
315,Karyn,Asempapan,167500
316,Joyous,Eindhoven,168000
317,Wallis,Pojan,168500
318,Hunfredo,Gaocheng,169000
319,Cathrine,Hengli,169500
320,Dodi,Muruy,170000
321,Emalia,Vaxholm,170500
322,Tudor,Ushirombo,171000
323,Aubert,Medellin,171500
324,Wernher,Sápes,172000
325,Rickey,Dongyang,172500
326,Wynne,Salvacion,173000
327,Bond,Ringinrejo,173500
328,Valentin,Sadabe,174000
329,Felicio,Hongxi,174500
330,Mildred,Xinning,175000
331,Allyson,Chengdong,175500
332,Dar,Łapczyca,176000
333,Korry,Shuangtang,176500
334,Corbin,Kahnūj,177000
335,Teodora,Aleshtar,177500
336,Lucina,Edsbyn,178000
337,Torrie,Yunshan,178500
338,Clary,Garagoa,179000
339,Kali,Lomba,179500
340,Vilma,Liufu,180000
341,Phyllis,Villach,180500
342,Nanette,Sîr ed Danniyé,181000
343,Layla,Bezenchuk,181500
344,Vance,Arue,182000
345,Mervin,Hanchang,182500
346,Melitta,San Isidro,183000
347,Ronnica,Portelinha,183500
348,Russ,Båstad,184000
349,Lenna,Novaya Mayna,184500
350,Sissy,Taldan,185000
351,Madlen,Jieznas,185500
352,Essa,Wŏnju,186000
353,Lee,Youngstown,186500
354,Aloin,Jeberos,187000
355,Lorin,Gayamsari,187500
356,Pollyanna,Brooklyn,188000
357,Dianemarie,Nanshe,188500
358,Laurie,Ichinoseki,189000
359,Sheila,San Antonio,189500
360,Sydelle,Olympia,190000
361,Theobald,Oguma,190500
362,Franny,La Habana Vieja,191000
363,Lusa,Hongde,191500
364,Juliana,Voskhod,192000
365,Misha,Canggou,192500
366,Janette,Zdolbuniv,193000
367,Loraine,Łomża,193500
368,Somerset,Cergy-Pontoise,194000
369,Elisabeth,Mulchén,194500
370,Gunter,El Cantón de San Pablo,195000
371,Aharon,Air Bangis,195500
372,Timotheus,Starotitarovskaya,196000
373,Bernelle,Neuquén,196500
374,Tabitha,Francisco Villa,197000
375,Felicio,Göteborg,197500
376,Winna,Preobrazheniye,198000
377,Shane,Dunleer,198500
378,Collie,Marseille,199000
379,Casper,Donnacona,199500
380,Ezri,Longaví,200000
381,Sam,Neglasari,200500
382,Murry,Maralik,201000
383,Betti,Oebaki,201500
384,Brunhilde,Suzaka,202000
385,Ruddy,Pasłęk,202500
386,Eberhard,Las Flores,203000
387,Antoinette,Baranoa,203500
388,Irvin,Las Palmas,204000
389,Vicky,Shashi,204500
390,Iolanthe,Hebi,205000
391,Carlyn,Jiangkou,205500
392,Carena,Qibu,206000
393,Grace,Mingzhong,206500
394,Elle,Castillos,207000
395,Guillema,Bogo,207500
396,Charis,Linfen,208000
397,Annelise,Cela,208500
398,Maren,Petaling Jaya,209000
399,Johnny,Zhaogezhuang,209500
400,Saunder,Jinjiahe,210000
401,Sheilakathryn,Minji,210500
402,Channa,Cikijing,211000
403,Addy,Laugar,211500
404,Candie,San Roque,212000
405,Simonne,Łąka Prudnicka,212500
406,Harman,Sapadun,213000
407,Joey,Uttaradit,213500
408,Deirdre,Cagdianao,214000
409,Brande,Solna,214500
410,Cathrine,Gramoteino,215000
411,Danette,Zhouxi,215500
412,Dyanna,Kalino,216000
413,Gae,Perho,216500
414,Jameson,Tibati,217000
415,Beulah,Cevicos,217500
416,Teresina,Krajan,218000
417,Darell,Longquan,218500
418,Vina,Buy,219000
419,Marlie,Shepetivka,219500
420,Moses,Sarulla,220000
421,Marysa,Purificación,220500
422,Tommi,San Ignacio,221000
423,Marris,Choros,221500
424,Krisha,Tullinge,222000
425,Corrie,Sumisip,222500
426,Thayne,Länsi-Turunmaa,223000
427,Gussy,Hronov,223500
428,Tara,Kamyshevka Vtoraya,224000
429,Patin,Dostoyevka,224500
430,Fan,Albanel,225000
431,Shaina,Santiago do Cacém,225500
432,Miranda,Buenaventura,226000
433,Maggee,Puerta de Corral Quemado,226500
434,El,Enrile,227000
435,Romonda,Del Rosario,227500
436,Ruthann,Zafar,228000
437,Currie,Ilihan,228500
438,Reba,Tambov,229000
439,Pinchas,Vryburg,229500
440,Joyous,Bedinje,230000
441,Lanni,Amancio,230500
442,Arlie,‘Alāqahdārī Kirān wa Munjān,231000
443,Frederico,Sindangjawa,231500
444,Adamo,Malaga,232000
445,Nadia,Alexandria,232500
446,Nelie,Popil'nya,233000
447,Matilde,Zakhim,233500
448,Ardyce,Bajingmeduro,234000
449,Fee,San José del Guaviare,234500
450,Joete,Gunungangka,235000
451,Anna-maria,Panjakent,235500
452,Aluino,Honkajoki,236000
453,Leeanne,Tagkawayan Sabang,236500
454,Layla,Al Mukallā,237000
455,Eldon,Johor Bahru,237500
456,Adam,Duraykīsh,238000
457,Eloisa,Segoro,238500
458,Khalil,Fenggao,239000
459,Packston,Lingyuan,239500
460,Ingemar,Mandaluyong City,240000
461,Rob,‘Afula ‘Illit,240500
462,Archie,Wencheng,241000
463,Buddie,Kaliska,241500
464,Terrell,Chlumec nad Cidlinou,242000
465,Worthy,Sedayu,242500
466,Celine,Chwałowice,243000
467,Darby,Baitao,243500
468,Shantee,Bakovci,244000
469,Robbin,Sainyabuli,244500
470,Aura,San Isidro,245000
471,Patricia,Trafaria,245500
472,Shelden,Huangtan,246000
473,Carena,Mishima,246500
474,Phedra,Krajan Puger Wetan,247000
475,Estele,Deje,247500
476,Haley,Pančevo,248000
477,Marylin,Port Colborne,248500
478,Fabiano,Tokonou,249000
479,Adrienne,Jadho,249500
480,Devonne,Araranguá,250000
481,Fey,Lomé,250500
482,Gallagher,Vila,251000
483,Orly,Esquina,251500
484,Danette,Nidri,252000
485,Klara,Fak Tha,252500
486,Jon,Maqian,253000
487,Alyss,Arendal,253500
488,Temp,Hirado,254000
489,Francois,Yunxi,254500
490,Alejandrina,Gaspra,255000
491,Carole,København,255500
492,Ardeen,Cachimayo,256000
493,Wendi,San Francisco,256500
494,Karon,Sutton,257000
495,Appolonia,Jõhvi,257500
496,Huntley,Dasht-e Lati,258000
497,Amalita,Salingogan,258500
498,Zach,Liperi,259000
499,Melanie,Xidajie,259500
500,Debera,Carrières-sur-Seine,260000
501,Glen,Kathu,260500
502,Nicky,Inuyama,261000
503,Will,Crespo,261500
504,Emili,Youwarou,262000
505,Kissiah,Frontignan,262500
506,Adams,Ribeira Grande,263000
507,Blane,Jiufeng,263500
508,Nananne,Mantalongon,264000
509,Emma,Karangdalam,264500
510,Jennette,Kandangan,265000
511,Jobi,Fengshan,265500
512,Silva,Phoenix,266000
513,Mac,Vrsi,266500
514,Sonia,Fucun,267000
515,Maura,Richmond,267500
516,Neilla,Petoa,268000
517,Jo-ann,Šumperk,268500
518,Alyosha,Chojna,269000
519,Kathryn,Scottsdale,269500
520,Valida,Rehoboth,270000
521,Clarey,Mombaça,270500
522,Korie,Takeo,271000
523,Gerladina,Thị Trấn Na Sầm,271500
524,Nikki,Hisya,272000
525,Corey,Nioro,272500
526,Barclay,Karlstad,273000
527,Beaufort,Sangojar,273500
528,Rikki,Bundoran,274000
529,Ferdinanda,Puncakwangi,274500
530,Montgomery,Genova,275000
531,Hymie,Reims,275500
532,Ronny,Knurów,276000
533,Thom,‘Eilabun,276500
534,Renault,Vĩnh Tường,277000
535,Maryjane,Futtsu,277500
536,Ber,Bulgan,278000
537,Dniren,Yangambi,278500
538,Michael,Manzurka,279000
539,Patricio,Cape Coast,279500
540,Henry,Bhadrapur,280000
541,Brigit,Forshaga,280500
542,Hercule,Kavadarci,281000
543,Noel,Vynohradove,281500
544,Blaire,Zhonggang,282000
545,Ardith,Główczyce,282500
546,Der,Jiangtian,283000
547,Colan,Shangsanji,283500
548,Rayner,Richky,284000
549,Janith,Krajan Kerjo,284500
550,Fitz,La Unión,285000
551,Lisabeth,Bukonyo,285500
552,Linnea,Meitang,286000
553,Katrina,Huilong,286500
554,Puff,Frakulla e Madhe,287000
555,Sergent,Sambuluan,287500
556,Aurthur,Sepīdān,288000
557,Pavla,Ayrihuanca,288500
558,Celina,Xishui,289000
559,Delcina,Guachucal,289500
560,Yelena,Florida,290000
561,Hallsy,San José de Colinas,290500
562,Ingra,Feteira Pequena,291000
563,Nathanial,Mojoroto,291500
564,Giraldo,Ampara,292000
565,Nerissa,Gýtheio,292500
566,Gery,Segovia,293000
567,Agnola,Longmen,293500
568,Symon,Batulayang,294000
569,Carlyle,Tierp,294500
570,Carolus,Zitong,295000
571,Cyril,Pasirjengkol,295500
572,Bar,Rencun,296000
573,Cleo,Bungoma,296500
574,Donnajean,Muarabadak,297000
575,Shelley,Lameira,297500
576,Carla,Bahía Honda,298000
577,Ashley,Vesëlyy,298500
578,Xymenes,Hongmiao,299000
579,Dukey,Tenja,299500
580,Fredericka,Henglan,300000
581,Roxy,Cubará,300500
582,Gearalt,Toulouse,301000
583,Karna,Louisville,301500
584,Catharina,Dijon,302000
585,Bellina,Luoping,302500
586,Bertha,Zelmeņi,303000
587,Coletta,Zheyuan,303500
588,Cesya,Weiyanggong,304000
589,Antons,Masantol,304500
590,Nessie,Évosmos,305000
591,Jehu,Tonglin,305500
592,Missy,Ruy Barbosa,306000
593,Randie,Ushuaia,306500
594,Tito,Matango,307000
595,Trixie,Xigaoshan,307500
596,Averell,Arrufó,308000
597,Marsha,Sanjiang,308500
598,Roseanne,Gaosheng,309000
599,Montague,Beidou,309500
600,Willa,Nsukka,310000
601,Bonny,Hyżne,310500
602,Marilee,Suru,311000
603,Codie,Uyovu,311500
604,Lucinda,Nickby,312000
605,Giffy,Armopa,312500
606,Margette,Realeza,313000
607,Mabel,Sóc Trăng,313500
608,Rolland,San Lorenzo,314000
609,Alissa,Burgersdorp,314500
610,Brigitte,Saint-André-Avellin,315000
611,Francisca,Nawá,315500
612,Fidela,Veselynove,316000
613,Franchot,Dorupare,316500
614,Marti,Shilu,317000
615,Catlee,Beizi,317500
616,Chastity,Prachatice,318000
617,Josias,Budapest,318500
618,Ingemar,Tambong,319000
619,Hally,Klakeh,319500
620,Ruperto,Chiguirip,320000
621,Lynda,Lingzhi,320500
622,Saw,Duekoué,321000
623,Mari,Kaiapoi,321500
624,Niel,Dolní Sloupnice,322000
625,Ezequiel,Đức Phong,322500
626,Zelig,Beigang,323000
627,Merrel,Masachapa,323500
628,Dody,Wanasari Baleran,324000
629,Harriot,Tumbes,324500
630,Eilis,Hukeng,325000
631,Manolo,Dugongan,325500
632,Christabel,Kubangeceng,326000
633,Carr,Paoay,326500
634,Allissa,Kayes,327000
635,Isidoro,Boshchorbogh,327500
636,Korrie,Svetogorsk,328000
637,Kynthia,Lille,328500
638,Frasier,Ningmute,329000
639,Saudra,Jalapa,329500
640,Cammie,Lizhai,330000
641,Urban,Grojec,330500
642,Leupold,Smoky Lake,331000
643,Bradley,Stráž,331500
644,Aksel,Serzedo,332000
645,Flora,Colón,332500
646,Fidela,Christchurch,333000
647,Web,Dasht-e Archī,333500
648,Sarge,Xiaosong,334000
649,Shawn,Majie,334500
650,Brice,Larochette,335000
651,Shannen,Gaozhou,335500
652,Creigh,Nirji,336000
653,Ignaz,Mundri,336500
654,Barney,Xiaozhi,337000
655,Augustin,Olympia,337500
656,Malorie,Shimonoseki,338000
657,Elwyn,Sishiba,338500
658,Cammi,Surkh Bilandī,339000
659,Berti,Eyvān,339500
660,Boote,Tuopu,340000
661,Raven,Santiago,340500
662,Noah,Qiaobian,341000
663,Uriah,Buriti Bravo,341500
664,Tandi,Liujiachang,342000
665,Corey,Tumba,342500
666,Charmian,Hutou,343000
667,Elvyn,Calceta,343500
668,Chev,Avignon,344000
669,Mahmoud,Manolo Fortich,344500
670,Carol-jean,Yixi,345000
671,Federica,Hongping,345500
672,Colin,Blantyre,346000
673,Janey,Cape Town,346500
674,Hamil,Mangero,347000
675,Angel,San Jose,347500
676,Cristie,Targanice,348000
677,Codi,Heshan,348500
678,Kerry,Ji’an,349000
679,Frans,Varberg,349500
680,Boigie,Wafang,350000
681,Abigale,Tete,350500
682,Cly,Vigo,351000
683,Warden,Leramatang,351500
684,Corney,Myitkyina,352000
685,Jacobo,Dahuaishu,352500
686,Carry,Tân Phú,353000
687,Mil,Penalva,353500
688,Miguel,Villa Nueva,354000
689,Roderic,Cizhu,354500
690,Royal,Hong’an Chengguanzhen,355000
691,Julissa,Puerto Berrío,355500
692,Jeniece,Wonorejo,356000
693,Nevins,Dzhankoy,356500
694,Nelly,Lapa,357000
695,Felita,Lazaro Cardenas,357500
696,Gabriel,Francisco I Madero,358000
697,Burl,Nakhon Ratchasima,358500
698,Faye,Jiaqiao,359000
699,Lavina,Sulbiny Górne,359500
700,Sascha,Rungis,360000
701,Cindy,Nine,360500
702,Ira,Ingenio La Esperanza,361000
703,Byrann,Rostokino,361500
704,Jameson,Oja,362000
705,Nobe,‘Alīābād-e Katūl,362500
706,Obidiah,Nedašov,363000
707,Jeromy,Rahama,363500
708,Emera,Manogay,364000
709,Lucia,Okiot,364500
710,Hamid,Buenaventura,365000
711,Karlie,Viesīte,365500
712,Heddie,Sumber,366000
713,Skipton,Velyka Mykhaylivka,366500
714,Melba,Las Palmas,367000
715,Nevile,Baardheere,367500
716,Tawnya,Tidaholm,368000
717,Nikola,Karagay,368500
718,Prudence,Diamantina,369000
719,Burg,Huangbu,369500
720,Johnnie,Az̧ Z̧a‘āyin,370000
721,Staffard,Ciela Lebak,370500
722,Jenifer,Cairani,371000
723,Humbert,Tentúgal,371500
724,Lusa,Buenavista,372000
725,Jacquelynn,Vagos,372500
726,Ludvig,Aba,373000
727,Clea,Iwata,373500
728,Gayel,Tarauacá,374000
729,Dayle,Maastricht,374500
730,Dougie,Zhuli,375000
731,Darice,Novovoronezh,375500
732,Michele,Tupanciretã,376000
733,Maurise,Bil‘īn,376500
734,Jillane,Yashao,377000
735,Auroora,Jing’an,377500
736,Orsa,Duy Xuyên,378000
737,Rubetta,Akita,378500
738,Geno,Gwio Kura,379000
739,Kelvin,Karlstad,379500
740,Joanne,Bystrytsya,380000
741,Klement,Woha,380500
742,Elspeth,Mobara,381000
743,Jeromy,Antsohihy,381500
744,Shea,Xinxing,382000
745,Kippie,Rustāq,382500
746,Carmen,Soukkouma,383000
747,Janela,Malartic,383500
748,Opal,Bridgetown,384000
749,Pamelina,Sanxing,384500
750,Xaviera,Xinfang,385000
751,Britt,Azun Atme,385500
752,Susanne,Kutorejo,386000
753,Anabel,Växjö,386500
754,Cordula,Gatesville,387000
755,Brandon,Darya Boyi,387500
756,Timofei,Prakhon Chai,388000
757,Page,Wanlongshan,388500
758,Star,Mamboma,389000
759,Tore,Ijuí,389500
760,Mariana,Zhongyuan,390000
761,Kaia,Alqueva,390500
762,Ruy,Lyon,391000
763,Nissy,Phu Loc,391500
764,Pennie,Järfälla,392000
765,Twyla,Bakau,392500
766,Robinson,Glasgow,393000
767,Michale,Karangbungur,393500
768,Rosalyn,Miraflores,394000
769,Matteo,Jinhui,394500
770,Noble,Tyler,395000
771,Kristopher,Vyaz’ma,395500
772,Kristal,Dowlatyār,396000
773,Holly-anne,Xiatang,396500
774,Orelia,Mijiang,397000
775,Ruthe,Delft,397500
776,Briano,Changxi,398000
777,Astrix,Buliran Segundo,398500
778,Hymie,Kifrī,399000
779,Monte,Ndungu,399500
780,Ava,Stanisław Górny,400000
781,Hermie,Messina,400500
782,Lucinda,Bilyayivka,401000
783,Marion,Talanga,401500
784,Katherina,El Hermel,402000
785,Michael,Atlanta,402500
786,Vilma,Maojia,403000
787,Vachel,Flor da Mata,403500
788,Kassi,Andoany,404000
789,Mirella,Pszczew,404500
790,Bondon,Khāliş,405000
791,Honor,Usukhchay,405500
792,Vallie,Lysice,406000
793,Alberto,Prosperous,406500
794,Lurline,Andop,407000
795,Mitchael,Buga,407500
796,Sylvan,Pacobamba,408000
797,Ahmad,Wuxiang,408500
798,Amelita,San Narciso,409000
799,Nettie,Soacha,409500
800,Asa,Svilengrad,410000
801,Jewel,Cáceres,410500
802,Clifford,Jiulong,411000
803,Nickey,Pendolo,411500
804,Gerri,Fuxing,412000
805,Felice,Kaduseeng,412500
806,Yolane,Nanqiao,413000
807,Clemmy,Javorník,413500
808,Sephira,Keluke,414000
809,Konstantine,Kalí Vrýsi,414500
810,Marcelline,Gafanha da Encarnação,415000
811,Waylen,Qiashui,415500
812,Regan,Quevedo,416000
813,Noelle,Domanín,416500
814,Alric,Kumlinge,417000
815,Susan,Haurpanggung,417500
816,Gabrielle,Naawan,418000
817,Saw,Ndago,418500
818,Cassandry,Hajeom,419000
819,Leonid,Pila,419500
820,Addia,San Pedro Pinula,420000
821,Alison,Chiara,420500
822,Susanetta,Sumberingin Kulon,421000
823,Loretta,Chornomors’ke,421500
824,Arleta,Xiyang,422000
825,Yasmeen,Tilcara,422500
826,Haley,Kingisepp,423000
827,Daphna,Sobreda,423500
828,Ortensia,Longquan,424000
829,Roxine,Codó,424500
830,Viviana,Payao,425000
831,Buck,Nueva Manoa,425500
832,Frieda,Banjar Dauhpura,426000
833,Nikki,Feitoria,426500
834,Cathie,Ciseureuheun,427000
835,Anna-diana,Watsa,427500
836,Melony,Rerawere,428000
837,Brice,Léo,428500
838,Lester,Wisła,429000
839,Shannon,La Banda,429500
840,Benjy,Ishioka,430000
841,Ronni,Zevgolateió,430500
842,Mamie,Nay Pyi Taw,431000
843,Corey,Bei,431500
844,Dorry,Manalu,432000
845,Bellanca,El Cacao,432500
846,Phoebe,Andradas,433000
847,Myrtice,Robīt,433500
848,Reamonn,Cawayan,434000
849,Analiese,Limatambo,434500
850,Gerik,Rawaglagah,435000
851,Cecil,Suhong,435500
852,Shina,Oygon,436000
853,Mariana,Arísvi,436500
854,Jermayne,Thanatpin,437000
855,Kippy,Greensboro,437500
856,Paolo,Apaga,438000
857,Terrijo,Bebedahan,438500
858,Tanhya,Colos,439000
859,Shawnee,Karnice,439500
860,Marysa,Luzhai,440000
861,Tracie,Changping,440500
862,Shawn,Onokivtsi,441000
863,Gracia,Qinling Jieban,441500
864,Brant,Houjiagang,442000
865,Marlie,Donghai,442500
866,Lanny,Dawangzhuang,443000
867,Dane,Birqīn,443500
868,Helenelizabeth,Lizhuangzi,444000
869,Filbert,Coronel Vivida,444500
870,Clywd,San Juan,445000
871,Laureen,Prado Siongco,445500
872,Boone,Chonogol,446000
873,Fern,Majdal Banī Fāḑil,446500
874,Jayme,Rancagua,447000
875,Elane,Hujiagou,447500
876,Ludovico,Miami,448000
877,Bernita,Guadalupe,448500
878,Oby,Jargalant,449000
879,Tonya,Zhuangke,449500
880,Manolo,Gayamsari,450000
881,Ellene,Palmitas,450500
882,Fiann,Trujillo,451000
883,Tonye,Penco,451500
884,Allegra,Gatbo,452000
885,Alyse,Chinandega,452500
886,Holly,Nusajaya,453000
887,Vanni,Nanton,453500
888,Milena,Oslo,454000
889,Aeriell,Zdounky,454500
890,Gwyn,Phủ Thông,455000
891,Antonetta,Wangdun,455500
892,Elden,Peñal,456000
893,Florina,Āshtīān,456500
894,Adore,Stepojevac,457000
895,Roobbie,Kup,457500
896,Frederik,Babagan,458000
897,Sonia,Borgustanskaya,458500
898,Milton,Mboursou Léré,459000
899,Hobard,Peresvet,459500
900,Reed,Duodaoshi,460000
901,Remington,Si Prachan,460500
902,Marget,Ambatolampy,461000
903,Marijo,Seboruco,461500
904,Pyotr,Kanye,462000
905,Gare,Fredrikstad,462500
906,Brander,Säter,463000
907,Kale,Huasta,463500
908,Yasmin,Lümeng,464000
909,Tracy,At-Bashi,464500
910,Madelon,Maulavi Bāzār,465000
911,Ivy,Goléré,465500
912,Burg,Lons-le-Saunier,466000
913,Webb,Dhangarhi,466500
914,Cullie,Reims,467000
915,Porter,Kraśnik,467500
916,Judah,Melita,468000
917,Munmro,Nuevo Berlín,468500
918,Wyndham,Pointe Michel,469000
919,Stacia,Lgota Wielka,469500
920,Deane,Le Blanc-Mesnil,470000
921,Odella,Avelar,470500
922,Harlie,Abaca,471000
923,Siouxie,Carson City,471500
924,Boycie,Yuping,472000
925,Fabe,Houston,472500
926,Lowe,Chaltyr,473000
927,Jolynn,Bremen,473500
928,Marjy,Pindi Bhattiān,474000
929,Rosalyn,São Julião do Tojal,474500
930,Wilfrid,Phoenix,475000
931,Leoline,Kommunar,475500
932,Jaquelyn,Dabao,476000
933,Sindee,Fermoy,476500
934,Dewie,Dalan,477000
935,Giustino,Nuevo Emperador,477500
936,Lee,Iwai,478000
937,Hewe,Tía Juana,478500
938,Eldin,Kyosai,479000
939,Jo-anne,Dzaoudzi,479500
940,Eduard,Chengui,480000
941,Kari,Maiwal,480500
942,Corbett,Wadungasri,481000
943,Wesley,Bledzew,481500
944,Georgette,Overyata,482000
945,Junette,Saint Paul,482500
946,Savina,Kučevo,483000
947,Arlen,Cojutepeque,483500
948,Kinny,Wyszki,484000
949,Merna,Qizhen,484500
950,Othelia,Makariv,485000
951,Lauren,Mamurras,485500
952,Desi,Nanyang,486000
953,Rhett,Shagonar,486500
954,Neddy,La Tola,487000
955,Allie,Danilov,487500
956,Farrel,København,488000
957,Jilly,Castanheira de Pêra,488500
958,Karlyn,Fresno,489000
959,Raye,El Carmen,489500
960,Merilee,Dykan’ka,490000
961,Karolina,Pringgoboyo,490500
962,Jacqueline,Temaiku Village,491000
963,Birk,Outing,491500
964,Devy,Gubukjero Timuk,492000
965,Rodger,Lanhe,492500
966,Zacherie,Ocote Paulino,493000
967,Linzy,An Nāşirīyah,493500
968,Perri,Merdeka,494000
969,Ivan,Balangonan,494500
970,Domingo,Banjar Pangkungtibah Selatan,495000
971,Katinka,Cluny,495500
972,Kora,Rio Pardo,496000
973,Wiatt,Az Zintān,496500
974,Aimil,Ḩuwwārah,497000
975,Christyna,Zarqa,497500
976,Randene,Araripina,498000
977,Morrie,Dharān Bāzār,498500
978,Gerri,Shuitianhe,499000
979,Liam,Progreso,499500
980,Roxanna,Pasonobenu,500000
981,Osmond,Matsena,500500
982,Currey,Carleton-sur-Mer,501000
983,Molli,Llusco,501500
984,Danella,Faaa,502000
985,Corabel,Poctol,502500
986,Marsha,Sobral,503000
987,Beverlie,Luangwa,503500
988,Alisander,Guadalupe Victoria,504000
989,Sissy,Warnes,504500
990,Cordi,Dukuhpicung,505000
991,Ryun,Juan de Acosta,505500
992,Sandie,Moulins,506000
993,Horst,Jabranti,506500
994,Bradney,Sufang,507000
995,Donia,Gorey,507500
996,Leodora,Staromyshastovskaya,508000
997,Norrie,Andramasina,508500
998,Nike,El Carmen,509000
999,Lily,Franca,509500
